Order_Num,Customer_Num,Order_Date,Order_ReqShipDate,Order_ActualShipDate,Order_Carrier
16639375,C2501,2021-11-19,2021-11-19,2021-11-19,"*** Customer Pickup ***"
16642826,C25,2021-10-12,2021-10-12,2021-10-13,"DHL Ground"
16644074,C25,2021-10-25,2021-10-25,2021-10-25,"UPS Ground"
16645282,C35,2021-11-07,2021-11-07,2021-11-20,"DHL Ground"
16656274,C493,2021-11-08,2021-11-08,2021-11-08,"FedEX FFL"
16658443,C71,2021-10-09,2021-10-09,2021-10-09,"FedEX FFL"
16660133,C493,2021-11-13,2021-11-13,2021-11-13,"UPS Ground"
16662968,C938,2021-11-19,2021-11-19,2021-11-19,"UPS Ground"
16663993,C866,2021-11-17,2021-11-17,2021-11-17,"DHL Ground"
